Distrito,Concelho,Freguesia,AreaCode,Party,Percentage,Votes
Aveiro,Águeda,Aguada de Cima,010103,PPD/PSD,39.67,730
Aveiro,Águeda,Aguada de Cima,010103,PS,36.90,679
Aveiro,Águeda,Aguada de Cima,010103,CH,7.99,147
Aveiro,Águeda,Aguada de Cima,010103,B.E.,4.29,79
Aveiro,Águeda,Aguada de Cima,010103,IL,3.59,66
Aveiro,Águeda,Aguada de Cima,010103,CDS-PP,1.63,30
Aveiro,Águeda,Aguada de Cima,010103,PAN,0.71,13
Aveiro,Águeda,Aguada de Cima,010103,L,0.60,11
Aveiro,Águeda,Aguada de Cima,010103,R.I.R.,0.54,10
Aveiro,Águeda,Aguada de Cima,010103,PCP-PEV,0.49,9
Aveiro,Águeda,Aguada de Cima,010103,ADN,0.16,3
Aveiro,Águeda,Aguada de Cima,010103,MPT,0.16,3
Aveiro,Águeda,Aguada de Cima,010103,PCTP/MRPP,0.16,3
Aveiro,Águeda,Aguada de Cima,010103,JPP,0.05,1
Aveiro,Águeda,Aguada de Cima,010103,VP,0.05,1
Aveiro,Águeda,Aguada de Cima,010103,E,0.00,0
Aveiro,Águeda,Aguada de Cima,010103,MAS,0.00,0
Aveiro,Águeda,Fermentelos,010109,PPD/PSD,54.33,891
Aveiro,Águeda,Fermentelos,010109,PS,20.24,332
Aveiro,Águeda,Fermentelos,010109,CH,8.11,133
Aveiro,Águeda,Fermentelos,010109,CDS-PP,4.39,72
Aveiro,Águeda,Fermentelos,010109,IL,4.15,68
Aveiro,Águeda,Fermentelos,010109,B.E.,3.54,58
Aveiro,Águeda,Fermentelos,010109,PAN,1.04,17
Aveiro,Águeda,Fermentelos,010109,PCP-PEV,0.79,13
Aveiro,Águeda,Fermentelos,010109,L,0.73,12
Aveiro,Águeda,Fermentelos,010109,E,0.24,4
Aveiro,Águeda,Fermentelos,010109,PCTP/MRPP,0.24,4
Aveiro,Águeda,Fermentelos,010109,R.I.R.,0.18,3
Aveiro,Águeda,Fermentelos,010109,ADN,0.06,1
Aveiro,Águeda,Fermentelos,010109,JPP,0.00,0
Aveiro,Águeda,Fermentelos,010109,MAS,0.00,0
Aveiro,Águeda,Fermentelos,010109,MPT,0.00,0
Aveiro,Águeda,Fermentelos,010109,VP,0.00,0
Aveiro,Águeda,Macinhata do Vouga,010112,PS,43.85,652
Aveiro,Águeda,Macinhata do Vouga,010112,PPD/PSD,31.20,464
Aveiro,Águeda,Macinhata do Vouga,010112,CH,7.80,116
Aveiro,Águeda,Macinhata do Vouga,010112,B.E.,4.77,71
Aveiro,Águeda,Macinhata do Vouga,010112,IL,2.62,39
Aveiro,Águeda,Macinhata do Vouga,010112,CDS-PP,2.56,38
Aveiro,Águeda,Macinhata do Vouga,010112,PCP-PEV,2.22,33
Aveiro,Águeda,Macinhata do Vouga,010112,PAN,0.81,12
Aveiro,Águeda,Macinhata do Vouga,010112,L,0.61,9
Aveiro,Águeda,Macinhata do Vouga,010112,PCTP/MRPP,0.47,7
Aveiro,Águeda,Macinhata do Vouga,010112,R.I.R.,0.27,4
Aveiro,Águeda,Macinhata do Vouga,010112,E,0.20,3
Aveiro,Águeda,Macinhata do Vouga,010112,MAS,0.20,3
Aveiro,Águeda,Macinhata do Vouga,010112,ADN,0.13,2
Aveiro,Águeda,Macinhata do Vouga,010112,VP,0.13,2
Aveiro,Águeda,Macinhata do Vouga,010112,JPP,0.00,0
Aveiro,Águeda,Macinhata do Vouga,010112,MPT,0.00,0
Aveiro,Águeda,Valongo do Vouga,010119,PS,43.88,989
Aveiro,Águeda,Valongo do Vouga,010119,PPD/PSD,31.90,719
Aveiro,Águeda,Valongo do Vouga,010119,CH,6.52,147
Aveiro,Águeda,Valongo do Vouga,010119,B.E.,4.08,92
Aveiro,Águeda,Valongo do Vouga,010119,IL,3.33,75
Aveiro,Águeda,Valongo do Vouga,010119,PCP-PEV,2.53,57
Aveiro,Águeda,Valongo do Vouga,010119,CDS-PP,1.77,40
Aveiro,Águeda,Valongo do Vouga,010119,PAN,0.89,20
Aveiro,Águeda,Valongo do Vouga,010119,R.I.R.,0.89,20
Aveiro,Águeda,Valongo do Vouga,010119,L,0.62,14
Aveiro,Águeda,Valongo do Vouga,010119,PCTP/MRPP,0.49,11
Aveiro,Águeda,Valongo do Vouga,010119,ADN,0.18,4
Aveiro,Águeda,Valongo do Vouga,010119,E,0.09,2
Aveiro,Águeda,Valongo do Vouga,010119,JPP,0.09,2
Aveiro,Águeda,Valongo do Vouga,010119,MAS,0.09,2
Aveiro,Águeda,Valongo do Vouga,010119,VP,0.09,2
Aveiro,Águeda,Valongo do Vouga,010119,MPT,0.00,0
Aveiro,Águeda,União das freguesias de Águeda e Borralha,010121,PS,40.72,2632
Aveiro,Águeda,União das freguesias de Águeda e Borralha,010121,PPD/PSD,34.79,2249
Aveiro,Águeda,União das freguesias de Águeda e Borralha,010121,CH,6.25,404
Aveiro,Águeda,União das freguesias de Águeda e Borralha,010121,IL,5.03,325
Aveiro,Águeda,União das freguesias de Águeda e Borralha,010121,B.E.,4.25,275
Aveiro,Águeda,União das freguesias de Águeda e Borralha,010121,PCP-PEV,2.01,130
Aveiro,Águeda,União das freguesias de Águeda e Borralha,010121,CDS-PP,1.84,119
Aveiro,Águeda,União das freguesias de Águeda e Borralha,010121,PAN,1.02,66
Aveiro,Águeda,União das freguesias de Águeda e Borralha,010121,L,0.62,40
Aveiro,Águeda,União das freguesias de Águeda e Borralha,010121,PCTP/MRPP,0.34,22
Aveiro,Águeda,União das freguesias de Águeda e Borralha,010121,ADN,0.22,14
Aveiro,Águeda,União das freguesias de Águeda e Borralha,010121,R.I.R.,0.22,14
Aveiro,Águeda,União das freguesias de Águeda e Borralha,010121,MPT,0.14,9
Aveiro,Águeda,União das freguesias de Águeda e Borralha,010121,VP,0.12,8
Aveiro,Águeda,União das freguesias de Águeda e Borralha,010121,MAS,0.11,7
Aveiro,Águeda,União das freguesias de Águeda e Borralha,010121,JPP,0.08,5
Aveiro,Águeda,União das freguesias de Águeda e Borralha,010121,E,0.06,4
Aveiro,Águeda,União das freguesias de Barrô e Aguada de Baixo,010122,PPD/PSD,40.46,655
Aveiro,Águeda,União das freguesias de Barrô e Aguada de Baixo,010122,PS,36.94,598
Aveiro,Águeda,União das freguesias de Barrô e Aguada de Baixo,010122,CH,6.42,104
Aveiro,Águeda,União das freguesias de Barrô e Aguada de Baixo,010122,IL,4.20,68
Aveiro,Águeda,União das freguesias de Barrô e Aguada de Baixo,010122,B.E.,3.58,58
Aveiro,Águeda,União das freguesias de Barrô e Aguada de Baixo,010122,CDS-PP,3.27,53
Aveiro,Águeda,União das freguesias de Barrô e Aguada de Baixo,010122,PAN,0.80,13
Aveiro,Águeda,União das freguesias de Barrô e Aguada de Baixo,010122,L,0.37,6
Aveiro,Águeda,União das freguesias de Barrô e Aguada de Baixo,010122,PCTP/MRPP,0.37,6
Aveiro,Águeda,União das freguesias de Barrô e Aguada de Baixo,010122,PCP-PEV,0.31,5
Aveiro,Águeda,União das freguesias de Barrô e Aguada de Baixo,010122,ADN,0.25,4
Aveiro,Águeda,União das freguesias de Barrô e Aguada de Baixo,010122,MPT,0.25,4
Aveiro,Águeda,União das freguesias de Barrô e Aguada de Baixo,010122,R.I.R.,0.25,4
Aveiro,Águeda,União das freguesias de Barrô e Aguada de Baixo,010122,MAS,0.12,2
Aveiro,Águeda,União das freguesias de Barrô e Aguada de Baixo,010122,JPP,0.06,1
Aveiro,Águeda,União das freguesias de Barrô e Aguada de Baixo,010122,E,0.00,0
Aveiro,Águeda,União das freguesias de Barrô e Aguada de Baixo,010122,VP,0.00,0
Aveiro,Águeda,"União das freguesias de Belazaima do Chão, Castanheira do Vouga e Agadão",010123,PPD/PSD,41.27,331
Aveiro,Águeda,"União das freguesias de Belazaima do Chão, Castanheira do Vouga e Agadão",010123,PS,36.91,296
Aveiro,Águeda,"União das freguesias de Belazaima do Chão, Castanheira do Vouga e Agadão",010123,CH,8.10,65
Aveiro,Águeda,"União das freguesias de Belazaima do Chão, Castanheira do Vouga e Agadão",010123,IL,2.99,24
Aveiro,Águeda,"União das freguesias de Belazaima do Chão, Castanheira do Vouga e Agadão",010123,CDS-PP,2.49,20
Aveiro,Águeda,"União das freguesias de Belazaima do Chão, Castanheira do Vouga e Agadão",010123,B.E.,2.12,17
Aveiro,Águeda,"União das freguesias de Belazaima do Chão, Castanheira do Vouga e Agadão",010123,PCP-PEV,0.75,6
Aveiro,Águeda,"União das freguesias de Belazaima do Chão, Castanheira do Vouga e Agadão",010123,PAN,0.50,4
Aveiro,Águeda,"União das freguesias de Belazaima do Chão, Castanheira do Vouga e Agadão",010123,R.I.R.,0.50,4
Aveiro,Águeda,"União das freguesias de Belazaima do Chão, Castanheira do Vouga e Agadão",010123,PCTP/MRPP,0.37,3
Aveiro,Águeda,"União das freguesias de Belazaima do Chão, Castanheira do Vouga e Agadão",010123,L,0.25,2
Aveiro,Águeda,"União das freguesias de Belazaima do Chão, Castanheira do Vouga e Agadão",010123,ADN,0.12,1
Aveiro,Águeda,"União das freguesias de Belazaima do Chão, Castanheira do Vouga e Agadão",010123,E,0.12,1
Aveiro,Águeda,"União das freguesias de Belazaima do Chão, Castanheira do Vouga e Agadão",010123,MAS,0.12,1
Aveiro,Águeda,"União das freguesias de Belazaima do Chão, Castanheira do Vouga e Agadão",010123,JPP,0.00,0
Aveiro,Águeda,"União das freguesias de Belazaima do Chão, Castanheira do Vouga e Agadão",010123,MPT,0.00,0
Aveiro,Águeda,"União das freguesias de Belazaima do Chão, Castanheira do Vouga e Agadão",010123,VP,0.00,0
Aveiro,Águeda,União das freguesias de Recardães e Espinhel,010124,PS,42.24,1331
Aveiro,Águeda,União das freguesias de Recardães e Espinhel,010124,PPD/PSD,32.85,1035
Aveiro,Águeda,União das freguesias de Recardães e Espinhel,010124,CH,6.98,220
Aveiro,Águeda,União das freguesias de Recardães e Espinhel,010124,IL,3.90,123
Aveiro,Águeda,União das freguesias de Recardães e Espinhel,010124,B.E.,3.87,122
Aveiro,Águeda,União das freguesias de Recardães e Espinhel,010124,CDS-PP,2.25,71
Aveiro,Águeda,União das freguesias de Recardães e Espinhel,010124,PCP-PEV,1.87,59
Aveiro,Águeda,União das freguesias de Recardães e Espinhel,010124,PAN,0.89,28
Aveiro,Águeda,União das freguesias de Recardães e Espinhel,010124,L,0.54,17
Aveiro,Águeda,União das freguesias de Recardães e Espinhel,010124,PCTP/MRPP,0.48,15
Aveiro,Águeda,União das freguesias de Recardães e Espinhel,010124,R.I.R.,0.48,15
Aveiro,Águeda,União das freguesias de Recardães e Espinhel,010124,MPT,0.25,8
Aveiro,Águeda,União das freguesias de Recardães e Espinhel,010124,ADN,0.19,6
Aveiro,Águeda,União das freguesias de Recardães e Espinhel,010124,VP,0.19,6
Aveiro,Águeda,União das freguesias de Recardães e Espinhel,010124,MAS,0.13,4
Aveiro,Águeda,União das freguesias de Recardães e Espinhel,010124,E,0.10,3
Aveiro,Águeda,União das freguesias de Recardães e Espinhel,010124,JPP,0.06,2
Aveiro,Águeda,União das freguesias de Travassô e Óis da Ribeira,010125,PS,39.71,496
Aveiro,Águeda,União das freguesias de Travassô e Óis da Ribeira,010125,PPD/PSD,37.15,464
Aveiro,Águeda,União das freguesias de Travassô e Óis da Ribeira,010125,CH,6.24,78
Aveiro,Águeda,União das freguesias de Travassô e Óis da Ribeira,010125,B.E.,4.24,53
Aveiro,Águeda,União das freguesias de Travassô e Óis da Ribeira,010125,IL,3.84,48
Aveiro,Águeda,União das freguesias de Travassô e Óis da Ribeira,010125,CDS-PP,3.04,38
Aveiro,Águeda,União das freguesias de Travassô e Óis da Ribeira,010125,PCP-PEV,1.04,13
Aveiro,Águeda,União das freguesias de Travassô e Óis da Ribeira,010125,L,0.72,9
Aveiro,Águeda,União das freguesias de Travassô e Óis da Ribeira,010125,PAN,0.64,8
Aveiro,Águeda,União das freguesias de Travassô e Óis da Ribeira,010125,PCTP/MRPP,0.32,4
Aveiro,Águeda,União das freguesias de Travassô e Óis da Ribeira,010125,MAS,0.24,3
Aveiro,Águeda,União das freguesias de Travassô e Óis da Ribeira,010125,R.I.R.,0.24,3
Aveiro,Águeda,União das freguesias de Travassô e Óis da Ribeira,010125,ADN,0.16,2
Aveiro,Águeda,União das freguesias de Travassô e Óis da Ribeira,010125,JPP,0.08,1
Aveiro,Águeda,União das freguesias de Travassô e Óis da Ribeira,010125,E,0.00,0
Aveiro,Águeda,União das freguesias de Travassô e Óis da Ribeira,010125,MPT,0.00,0
Aveiro,Águeda,União das freguesias de Travassô e Óis da Ribeira,010125,VP,0.00,0
Aveiro,Águeda,"União das freguesias de Trofa, Segadães e Lamas do Vouga",010126,PS,42.71,1007
Aveiro,Águeda,"União das freguesias de Trofa, Segadães e Lamas do Vouga",010126,PPD/PSD,32.74,772
Aveiro,Águeda,"União das freguesias de Trofa, Segadães e Lamas do Vouga",010126,CH,5.89,139
Aveiro,Águeda,"União das freguesias de Trofa, Segadães e Lamas do Vouga",010126,IL,3.77,89
Aveiro,Águeda,"União das freguesias de Trofa, Segadães e Lamas do Vouga",010126,B.E.,3.73,88
Aveiro,Águeda,"União das freguesias de Trofa, Segadães e Lamas do Vouga",010126,CDS-PP,3.44,81
Aveiro,Águeda,"União das freguesias de Trofa, Segadães e Lamas do Vouga",010126,PCP-PEV,2.88,68
Aveiro,Águeda,"União das freguesias de Trofa, Segadães e Lamas do Vouga",010126,PAN,0.89,21
Aveiro,Águeda,"União das freguesias de Trofa, Segadães e Lamas do Vouga",010126,PCTP/MRPP,0.64,15
Aveiro,Águeda,"União das freguesias de Trofa, Segadães e Lamas do Vouga",010126,R.I.R.,0.42,10
Aveiro,Águeda,"União das freguesias de Trofa, Segadães e Lamas do Vouga",010126,L,0.38,9
Aveiro,Águeda,"União das freguesias de Trofa, Segadães e Lamas do Vouga",010126,ADN,0.21,5
Aveiro,Águeda,"União das freguesias de Trofa, Segadães e Lamas do Vouga",010126,VP,0.13,3
Aveiro,Águeda,"União das freguesias de Trofa, Segadães e Lamas do Vouga",010126,MAS,0.08,2
Aveiro,Águeda,"União das freguesias de Trofa, Segadães e Lamas do Vouga",010126,E,0.04,1
Aveiro,Águeda,"União das freguesias de Trofa, Segadães e Lamas do Vouga",010126,JPP,0.04,1
Aveiro,Águeda,"União das freguesias de Trofa, Segadães e Lamas do Vouga",010126,MPT,0.04,1
Aveiro,Águeda,União das freguesias do Préstimo e Macieira de Alcoba,010127,PS,39.91,174
Aveiro,Águeda,União das freguesias do Préstimo e Macieira de Alcoba,010127,PPD/PSD,33.94,148
Aveiro,Águeda,União das freguesias do Préstimo e Macieira de Alcoba,010127,CH,9.63,42
Aveiro,Águeda,União das freguesias do Préstimo e Macieira de Alcoba,010127,B.E.,4.82,21
Aveiro,Águeda,União das freguesias do Préstimo e Macieira de Alcoba,010127,CDS-PP,4.36,19
Aveiro,Águeda,União das freguesias do Préstimo e Macieira de Alcoba,010127,IL,2.29,10
Aveiro,Águeda,União das freguesias do Préstimo e Macieira de Alcoba,010127,PAN,1.15,5
Aveiro,Águeda,União das freguesias do Préstimo e Macieira de Alcoba,010127,PCP-PEV,0.46,2
Aveiro,Águeda,União das freguesias do Préstimo e Macieira de Alcoba,010127,E,0.23,1
Aveiro,Águeda,União das freguesias do Préstimo e Macieira de Alcoba,010127,MPT,0.23,1
Aveiro,Águeda,União das freguesias do Préstimo e Macieira de Alcoba,010127,PCTP/MRPP,0.23,1
Aveiro,Águeda,União das freguesias do Préstimo e Macieira de Alcoba,010127,VP,0.23,1
Aveiro,Águeda,União das freguesias do Préstimo e Macieira de Alcoba,010127,ADN,0.00,0
Aveiro,Águeda,União das freguesias do Préstimo e Macieira de Alcoba,010127,JPP,0.00,0
Aveiro,Águeda,União das freguesias do Préstimo e Macieira de Alcoba,010127,L,0.00,0
Aveiro,Águeda,União das freguesias do Préstimo e Macieira de Alcoba,010127,MAS,0.00,0
Aveiro,Águeda,União das freguesias do Préstimo e Macieira de Alcoba,010127,R.I.R.,0.00,0
Aveiro,Albergaria-a-Velha,Alquerubim,010202,PS,46.04,517
Aveiro,Albergaria-a-Velha,Alquerubim,010202,PPD/PSD,32.50,365
Aveiro,Albergaria-a-Velha,Alquerubim,010202,CH,6.41,72
Aveiro,Albergaria-a-Velha,Alquerubim,010202,CDS-PP,4.81,54
Aveiro,Albergaria-a-Velha,Alquerubim,010202,IL,2.67,30
Aveiro,Albergaria-a-Velha,Alquerubim,010202,B.E.,2.49,28
Aveiro,Albergaria-a-Velha,Alquerubim,010202,PAN,0.71,8
Aveiro,Albergaria-a-Velha,Alquerubim,010202,PCP-PEV,0.45,5
Aveiro,Albergaria-a-Velha,Alquerubim,010202,L,0.36,4
Aveiro,Albergaria-a-Velha,Alquerubim,010202,R.I.R.,0.36,4
Aveiro,Albergaria-a-Velha,Alquerubim,010202,MAS,0.18,2
Aveiro,Albergaria-a-Velha,Alquerubim,010202,MPT,0.18,2
Aveiro,Albergaria-a-Velha,Alquerubim,010202,PCTP/MRPP,0.09,1
Aveiro,Albergaria-a-Velha,Alquerubim,010202,ADN,0.00,0
Aveiro,Albergaria-a-Velha,Alquerubim,010202,E,0.00,0
Aveiro,Albergaria-a-Velha,Alquerubim,010202,JPP,0.00,0
Aveiro,Albergaria-a-Velha,Alquerubim,010202,VP,0.00,0
Aveiro,Albergaria-a-Velha,Angeja,010203,PS,43.49,451
Aveiro,Albergaria-a-Velha,Angeja,010203,PPD/PSD,26.62,276
Aveiro,Albergaria-a-Velha,Angeja,010203,CH,7.04,73
Aveiro,Albergaria-a-Velha,Angeja,010203,CDS-PP,6.27,65
Aveiro,Albergaria-a-Velha,Angeja,010203,B.E.,4.34,45
Aveiro,Albergaria-a-Velha,Angeja,010203,PCP-PEV,3.47,36
Aveiro,Albergaria-a-Velha,Angeja,010203,IL,2.70,28
Aveiro,Albergaria-a-Velha,Angeja,010203,ADN,0.96,10
Aveiro,Albergaria-a-Velha,Angeja,010203,L,0.96,10
Aveiro,Albergaria-a-Velha,Angeja,010203,PCTP/MRPP,0.68,7
Aveiro,Albergaria-a-Velha,Angeja,010203,PAN,0.58,6
Aveiro,Albergaria-a-Velha,Angeja,010203,R.I.R.,0.58,6
Aveiro,Albergaria-a-Velha,Angeja,010203,MPT,0.19,2
Aveiro,Albergaria-a-Velha,Angeja,010203,E,0.00,0
Aveiro,Albergaria-a-Velha,Angeja,010203,JPP,0.00,0
Aveiro,Albergaria-a-Velha,Angeja,010203,MAS,0.00,0
Aveiro,Albergaria-a-Velha,Angeja,010203,VP,0.00,0
Aveiro,Albergaria-a-Velha,Branca,010204,PPD/PSD,37.17,1018
Aveiro,Albergaria-a-Velha,Branca,010204,PS,37.09,1016
Aveiro,Albergaria-a-Velha,Branca,010204,CH,6.75,185
Aveiro,Albergaria-a-Velha,Branca,010204,CDS-PP,6.64,182
Aveiro,Albergaria-a-Velha,Branca,010204,IL,3.32,91
Aveiro,Albergaria-a-Velha,Branca,010204,B.E.,2.74,75
Aveiro,Albergaria-a-Velha,Branca,010204,PCP-PEV,1.31,36
Aveiro,Albergaria-a-Velha,Branca,010204,PAN,1.06,29
Aveiro,Albergaria-a-Velha,Branca,010204,L,0.80,22
Aveiro,Albergaria-a-Velha,Branca,010204,R.I.R.,0.47,13
Aveiro,Albergaria-a-Velha,Branca,010204,PCTP/MRPP,0.22,6
Aveiro,Albergaria-a-Velha,Branca,010204,ADN,0.07,2
Aveiro,Albergaria-a-Velha,Branca,010204,MPT,0.07,2
Aveiro,Albergaria-a-Velha,Branca,010204,JPP,0.04,1
Aveiro,Albergaria-a-Velha,Branca,010204,VP,0.04,1
Aveiro,Albergaria-a-Velha,Branca,010204,E,0.00,0
Aveiro,Albergaria-a-Velha,Branca,010204,MAS,0.00,0
Aveiro,Albergaria-a-Velha,Ribeira de Fráguas,010206,PS,37.38,314
Aveiro,Albergaria-a-Velha,Ribeira de Fráguas,010206,PPD/PSD,34.05,286
Aveiro,Albergaria-a-Velha,Ribeira de Fráguas,010206,CDS-PP,7.98,67
Aveiro,Albergaria-a-Velha,Ribeira de Fráguas,010206,CH,7.14,60
Aveiro,Albergaria-a-Velha,Ribeira de Fráguas,010206,B.E.,3.33,28
Aveiro,Albergaria-a-Velha,Ribeira de Fráguas,010206,IL,2.86,24
Aveiro,Albergaria-a-Velha,Ribeira de Fráguas,010206,PAN,1.19,10
Aveiro,Albergaria-a-Velha,Ribeira de Fráguas,010206,PCP-PEV,1.19,10
Aveiro,Albergaria-a-Velha,Ribeira de Fráguas,010206,R.I.R.,0.83,7
Aveiro,Albergaria-a-Velha,Ribeira de Fráguas,010206,L,0.48,4
Aveiro,Albergaria-a-Velha,Ribeira de Fráguas,010206,PCTP/MRPP,0.48,4
Aveiro,Albergaria-a-Velha,Ribeira de Fráguas,010206,MPT,0.24,2
Aveiro,Albergaria-a-Velha,Ribeira de Fráguas,010206,E,0.12,1
Aveiro,Albergaria-a-Velha,Ribeira de Fráguas,010206,MAS,0.12,1
Aveiro,Albergaria-a-Velha,Ribeira de Fráguas,010206,VP,0.12,1
Aveiro,Albergaria-a-Velha,Ribeira de Fráguas,010206,ADN,0.00,0
Aveiro,Albergaria-a-Velha,Ribeira de Fráguas,010206,JPP,0.00,0
Aveiro,Albergaria-a-Velha,Albergaria-a-Velha e Valmaior,010209,PPD/PSD,35.65,1834
Aveiro,Albergaria-a-Velha,Albergaria-a-Velha e Valmaior,010209,PS,34.90,1795
Aveiro,Albergaria-a-Velha,Albergaria-a-Velha e Valmaior,010209,CH,7.72,397
Aveiro,Albergaria-a-Velha,Albergaria-a-Velha e Valmaior,010209,IL,5.00,257
Aveiro,Albergaria-a-Velha,Albergaria-a-Velha e Valmaior,010209,CDS-PP,4.82,248
Aveiro,Albergaria-a-Velha,Albergaria-a-Velha e Valmaior,010209,B.E.,4.72,243
Aveiro,Albergaria-a-Velha,Albergaria-a-Velha e Valmaior,010209,PCP-PEV,1.56,80
Aveiro,Albergaria-a-Velha,Albergaria-a-Velha e Valmaior,010209,PAN,1.50,77
Aveiro,Albergaria-a-Velha,Albergaria-a-Velha e Valmaior,010209,L,0.70,36
Aveiro,Albergaria-a-Velha,Albergaria-a-Velha e Valmaior,010209,R.I.R.,0.35,18
Aveiro,Albergaria-a-Velha,Albergaria-a-Velha e Valmaior,010209,PCTP/MRPP,0.19,10
Aveiro,Albergaria-a-Velha,Albergaria-a-Velha e Valmaior,010209,ADN,0.17,9
Aveiro,Albergaria-a-Velha,Albergaria-a-Velha e Valmaior,010209,MAS,0.14,7
Aveiro,Albergaria-a-Velha,Albergaria-a-Velha e Valmaior,010209,VP,0.14,7
Aveiro,Albergaria-a-Velha,Albergaria-a-Velha e Valmaior,010209,MPT,0.10,5
Aveiro,Albergaria-a-Velha,Albergaria-a-Velha e Valmaior,010209,E,0.08,4
Aveiro,Albergaria-a-Velha,Albergaria-a-Velha e Valmaior,010209,JPP,0.04,2
Aveiro,Albergaria-a-Velha,São João de Loure e Frossos,010210,PS,38.04,552
Aveiro,Albergaria-a-Velha,São João de Loure e Frossos,010210,PPD/PSD,30.94,449
Aveiro,Albergaria-a-Velha,São João de Loure e Frossos,010210,CH,9.30,135
Aveiro,Albergaria-a-Velha,São João de Loure e Frossos,010210,CDS-PP,7.93,115
Aveiro,Albergaria-a-Velha,São João de Loure e Frossos,010210,B.E.,4.41,64
Aveiro,Albergaria-a-Velha,São João de Loure e Frossos,010210,IL,2.89,42
Aveiro,Albergaria-a-Velha,São João de Loure e Frossos,010210,PAN,1.45,21
Aveiro,Albergaria-a-Velha,São João de Loure e Frossos,010210,PCP-PEV,1.17,17
Aveiro,Albergaria-a-Velha,São João de Loure e Frossos,010210,R.I.R.,0.83,12
Aveiro,Albergaria-a-Velha,São João de Loure e Frossos,010210,L,0.62,9
Aveiro,Albergaria-a-Velha,São João de Loure e Frossos,010210,PCTP/MRPP,0.28,4
Aveiro,Albergaria-a-Velha,São João de Loure e Frossos,010210,MPT,0.14,2
Aveiro,Albergaria-a-Velha,São João de Loure e Frossos,010210,ADN,0.07,1
Aveiro,Albergaria-a-Velha,São João de Loure e Frossos,010210,JPP,0.07,1
Aveiro,Albergaria-a-Velha,São João de Loure e Frossos,010210,MAS,0.07,1
Aveiro,Albergaria-a-Velha,São João de Loure e Frossos,010210,VP,0.07,1
Aveiro,Albergaria-a-Velha,São João de Loure e Frossos,010210,E,0.00,0
Aveiro,Anadia,Avelãs de Caminho,010304,PPD/PSD,39.57,222
Aveiro,Anadia,Avelãs de Caminho,010304,PS,37.79,212
Aveiro,Anadia,Avelãs de Caminho,010304,CH,6.24,35
Aveiro,Anadia,Avelãs de Caminho,010304,IL,3.21,18
Aveiro,Anadia,Avelãs de Caminho,010304,CDS-PP,2.67,15
Aveiro,Anadia,Avelãs de Caminho,010304,B.E.,2.32,13
Aveiro,Anadia,Avelãs de Caminho,010304,PCP-PEV,1.60,9
Aveiro,Anadia,Avelãs de Caminho,010304,L,1.07,6
Aveiro,Anadia,Avelãs de Caminho,010304,PAN,1.07,6
Aveiro,Anadia,Avelãs de Caminho,010304,PCTP/MRPP,1.07,6
Aveiro,Anadia,Avelãs de Caminho,010304,R.I.R.,0.71,4
Aveiro,Anadia,Avelãs de Caminho,010304,ADN,0.00,0
Aveiro,Anadia,Avelãs de Caminho,010304,E,0.00,0
Aveiro,Anadia,Avelãs de Caminho,010304,JPP,0.00,0
Aveiro,Anadia,Avelãs de Caminho,010304,MAS,0.00,0
Aveiro,Anadia,Avelãs de Caminho,010304,MPT,0.00,0
Aveiro,Anadia,Avelãs de Caminho,010304,VP,0.00,0
Aveiro,Anadia,Avelãs de Cima,010305,PPD/PSD,54.50,533
Aveiro,Anadia,Avelãs de Cima,010305,PS,23.62,231
Aveiro,Anadia,Avelãs de Cima,010305,CH,6.34,62
Aveiro,Anadia,Avelãs de Cima,010305,B.E.,4.09,40
Aveiro,Anadia,Avelãs de Cima,010305,CDS-PP,2.97,29
Aveiro,Anadia,Avelãs de Cima,010305,IL,2.86,28
Aveiro,Anadia,Avelãs de Cima,010305,PCP-PEV,0.72,7
Aveiro,Anadia,Avelãs de Cima,010305,L,0.51,5
Aveiro,Anadia,Avelãs de Cima,010305,R.I.R.,0.51,5
Aveiro,Anadia,Avelãs de Cima,010305,PCTP/MRPP,0.41,4
Aveiro,Anadia,Avelãs de Cima,010305,PAN,0.31,3
Aveiro,Anadia,Avelãs de Cima,010305,ADN,0.10,1
Aveiro,Anadia,Avelãs de Cima,010305,MPT,0.10,1
Aveiro,Anadia,Avelãs de Cima,010305,VP,0.10,1
Aveiro,Anadia,Avelãs de Cima,010305,E,0.00,0
Aveiro,Anadia,Avelãs de Cima,010305,JPP,0.00,0
Aveiro,Anadia,Avelãs de Cima,010305,MAS,0.00,0
Aveiro,Anadia,Moita,010307,PPD/PSD,42.80,508
Aveiro,Anadia,Moita,010307,PS,33.61,399
Aveiro,Anadia,Moita,010307,CH,6.66,79
Aveiro,Anadia,Moita,010307,IL,4.13,49
Aveiro,Anadia,Moita,010307,B.E.,3.79,45
Aveiro,Anadia,Moita,010307,CDS-PP,2.27,27
Aveiro,Anadia,Moita,010307,PAN,1.26,15
Aveiro,Anadia,Moita,010307,PCP-PEV,1.26,15
Aveiro,Anadia,Moita,010307,L,0.84,10
Aveiro,Anadia,Moita,010307,R.I.R.,0.67,8
Aveiro,Anadia,Moita,010307,PCTP/MRPP,0.25,3
Aveiro,Anadia,Moita,010307,VP,0.25,3
Aveiro,Anadia,Moita,010307,MAS,0.08,1
Aveiro,Anadia,Moita,010307,MPT,0.08,1
Aveiro,Anadia,Moita,010307,ADN,0.00,0
Aveiro,Anadia,Moita,010307,E,0.00,0
Aveiro,Anadia,Moita,010307,JPP,0.00,0
Aveiro,Anadia,Sangalhos,010309,PPD/PSD,37.11,685
Aveiro,Anadia,Sangalhos,010309,PS,32.07,592
Aveiro,Anadia,Sangalhos,010309,CH,7.58,140
Aveiro,Anadia,Sangalhos,010309,IL,5.53,102
Aveiro,Anadia,Sangalhos,010309,B.E.,4.93,91
Aveiro,Anadia,Sangalhos,010309,CDS-PP,3.25,60
Aveiro,Anadia,Sangalhos,010309,PCP-PEV,2.28,42
Aveiro,Anadia,Sangalhos,010309,PAN,1.19,22
Aveiro,Anadia,Sangalhos,010309,L,1.14,21
Aveiro,Anadia,Sangalhos,010309,PCTP/MRPP,0.65,12
Aveiro,Anadia,Sangalhos,010309,R.I.R.,0.38,7
Aveiro,Anadia,Sangalhos,010309,ADN,0.22,4
Aveiro,Anadia,Sangalhos,010309,MPT,0.22,4
Aveiro,Anadia,Sangalhos,010309,JPP,0.16,3
Aveiro,Anadia,Sangalhos,010309,MAS,0.16,3
Aveiro,Anadia,Sangalhos,010309,E,0.11,2
Aveiro,Anadia,Sangalhos,010309,VP,0.11,2
Aveiro,Anadia,São Lourenço do Bairro,010310,PPD/PSD,42.36,491
Aveiro,Anadia,São Lourenço do Bairro,010310,PS,33.05,383
Aveiro,Anadia,São Lourenço do Bairro,010310,CH,7.68,89
Aveiro,Anadia,São Lourenço do Bairro,010310,IL,4.06,47
Aveiro,Anadia,São Lourenço do Bairro,010310,B.E.,3.80,44
Aveiro,Anadia,São Lourenço do Bairro,010310,CDS-PP,1.81,21
Aveiro,Anadia,São Lourenço do Bairro,010310,PCP-PEV,1.21,14
Aveiro,Anadia,São Lourenço do Bairro,010310,PAN,0.86,10
Aveiro,Anadia,São Lourenço do Bairro,010310,MPT,0.43,5
Aveiro,Anadia,São Lourenço do Bairro,010310,L,0.35,4
Aveiro,Anadia,São Lourenço do Bairro,010310,PCTP/MRPP,0.35,4
Aveiro,Anadia,São Lourenço do Bairro,010310,R.I.R.,0.35,4
Aveiro,Anadia,São Lourenço do Bairro,010310,ADN,0.26,3
Aveiro,Anadia,São Lourenço do Bairro,010310,MAS,0.26,3
Aveiro,Anadia,São Lourenço do Bairro,010310,E,0.17,2
Aveiro,Anadia,São Lourenço do Bairro,010310,VP,0.17,2
Aveiro,Anadia,São Lourenço do Bairro,010310,JPP,0.00,0
Aveiro,Anadia,Vila Nova de Monsarros,010312,PS,43.35,329
Aveiro,Anadia,Vila Nova de Monsarros,010312,PPD/PSD,36.36,276
Aveiro,Anadia,Vila Nova de Monsarros,010312,IL,5.80,44
Aveiro,Anadia,Vila Nova de Monsarros,010312,B.E.,3.43,26
Aveiro,Anadia,Vila Nova de Monsarros,010312,CH,3.29,25
Aveiro,Anadia,Vila Nova de Monsarros,010312,CDS-PP,1.32,10
Aveiro,Anadia,Vila Nova de Monsarros,010312,PAN,1.19,9
Aveiro,Anadia,Vila Nova de Monsarros,010312,R.I.R.,0.79,6
Aveiro,Anadia,Vila Nova de Monsarros,010312,PCP-PEV,0.53,4
Aveiro,Anadia,Vila Nova de Monsarros,010312,L,0.26,2
Aveiro,Anadia,Vila Nova de Monsarros,010312,PCTP/MRPP,0.26,2
Aveiro,Anadia,Vila Nova de Monsarros,010312,ADN,0.13,1
Aveiro,Anadia,Vila Nova de Monsarros,010312,MAS,0.13,1
Aveiro,Anadia,Vila Nova de Monsarros,010312,MPT,0.13,1
Aveiro,Anadia,Vila Nova de Monsarros,010312,VP,0.13,1
Aveiro,Anadia,Vila Nova de Monsarros,010312,E,0.00,0
Aveiro,Anadia,Vila Nova de Monsarros,010312,JPP,0.00,0
Aveiro,Anadia,Vilarinho do Bairro,010313,PPD/PSD,55.07,749
Aveiro,Anadia,Vilarinho do Bairro,010313,PS,22.72,309
Aveiro,Anadia,Vilarinho do Bairro,010313,CH,8.09,110
Aveiro,Anadia,Vilarinho do Bairro,010313,IL,3.53,48
Aveiro,Anadia,Vilarinho do Bairro,010313,CDS-PP,3.24,44
Aveiro,Anadia,Vilarinho do Bairro,010313,B.E.,2.43,33
Aveiro,Anadia,Vilarinho do Bairro,010313,PAN,0.74,10
Aveiro,Anadia,Vilarinho do Bairro,010313,L,0.44,6
Aveiro,Anadia,Vilarinho do Bairro,010313,PCTP/MRPP,0.44,6
Aveiro,Anadia,Vilarinho do Bairro,010313,R.I.R.,0.44,6
Aveiro,Anadia,Vilarinho do Bairro,010313,JPP,0.22,3
Aveiro,Anadia,Vilarinho do Bairro,010313,MPT,0.15,2
Aveiro,Anadia,Vilarinho do Bairro,010313,PCP-PEV,0.15,2
Aveiro,Anadia,Vilarinho do Bairro,010313,VP,0.07,1
Aveiro,Anadia,Vilarinho do Bairro,010313,ADN,0.00,0
Aveiro,Anadia,Vilarinho do Bairro,010313,E,0.00,0
Aveiro,Anadia,Vilarinho do Bairro,010313,MAS,0.00,0
Aveiro,Anadia,"União das freguesias de Amoreira da Gândara, Paredes do Bairro e Ancas",010316,PPD/PSD,45.09,629
Aveiro,Anadia,"União das freguesias de Amoreira da Gândara, Paredes do Bairro e Ancas",010316,PS,29.89,417
Aveiro,Anadia,"União das freguesias de Amoreira da Gândara, Paredes do Bairro e Ancas",010316,CH,8.10,113
Aveiro,Anadia,"União das freguesias de Amoreira da Gândara, Paredes do Bairro e Ancas",010316,CDS-PP,4.01,56
Aveiro,Anadia,"União das freguesias de Amoreira da Gândara, Paredes do Bairro e Ancas",010316,B.E.,3.23,45
Aveiro,Anadia,"União das freguesias de Amoreira da Gândara, Paredes do Bairro e Ancas",010316,IL,2.94,41
Aveiro,Anadia,"União das freguesias de Amoreira da Gândara, Paredes do Bairro e Ancas",010316,PAN,0.93,13
Aveiro,Anadia,"União das freguesias de Amoreira da Gândara, Paredes do Bairro e Ancas",010316,PCP-PEV,0.72,10
Aveiro,Anadia,"União das freguesias de Amoreira da Gândara, Paredes do Bairro e Ancas",010316,ADN,0.43,6
Aveiro,Anadia,"União das freguesias de Amoreira da Gândara, Paredes do Bairro e Ancas",010316,R.I.R.,0.36,5
Aveiro,Anadia,"União das freguesias de Amoreira da Gândara, Paredes do Bairro e Ancas",010316,MPT,0.14,2
Aveiro,Anadia,"União das freguesias de Amoreira da Gândara, Paredes do Bairro e Ancas",010316,PCTP/MRPP,0.14,2
Aveiro,Anadia,"União das freguesias de Amoreira da Gândara, Paredes do Bairro e Ancas",010316,VP,0.14,2
Aveiro,Anadia,"União das freguesias de Amoreira da Gândara, Paredes do Bairro e Ancas",010316,E,0.07,1
Aveiro,Anadia,"União das freguesias de Amoreira da Gândara, Paredes do Bairro e Ancas",010316,JPP,0.07,1
Aveiro,Anadia,"União das freguesias de Amoreira da Gândara, Paredes do Bairro e Ancas",010316,L,0.07,1
Aveiro,Anadia,"União das freguesias de Amoreira da Gândara, Paredes do Bairro e Ancas",010316,MAS,0.00,0
Aveiro,Anadia,União das freguesias de Arcos e Mogofores,010317,PS,36.37,1141
Aveiro,Anadia,União das freguesias de Arcos e Mogofores,010317,PPD/PSD,34.81,1092
Aveiro,Anadia,União das freguesias de Arcos e Mogofores,010317,IL,6.38,200
Aveiro,Anadia,União das freguesias de Arcos e Mogofores,010317,CH,6.06,190
Aveiro,Anadia,União das freguesias de Arcos e Mogofores,010317,B.E.,4.75,149
Aveiro,Anadia,União das freguesias de Arcos e Mogofores,010317,CDS-PP,3.03,95
Aveiro,Anadia,União das freguesias de Arcos e Mogofores,010317,PCP-PEV,2.30,72
Aveiro,Anadia,União das freguesias de Arcos e Mogofores,010317,PAN,1.88,59
Aveiro,Anadia,União das freguesias de Arcos e Mogofores,010317,L,0.73,23
Aveiro,Anadia,União das freguesias de Arcos e Mogofores,010317,PCTP/MRPP,0.61,19
Aveiro,Anadia,União das freguesias de Arcos e Mogofores,010317,R.I.R.,0.35,11
Aveiro,Anadia,União das freguesias de Arcos e Mogofores,010317,ADN,0.32,10
Aveiro,Anadia,União das freguesias de Arcos e Mogofores,010317,JPP,0.10,3
Aveiro,Anadia,União das freguesias de Arcos e Mogofores,010317,MPT,0.10,3
Aveiro,Anadia,União das freguesias de Arcos e Mogofores,010317,VP,0.06,2
Aveiro,Anadia,União das freguesias de Arcos e Mogofores,010317,MAS,0.03,1
Aveiro,Anadia,União das freguesias de Arcos e Mogofores,010317,E,0.00,0
Aveiro,Anadia,"União das freguesias de Tamengos, Aguim e Óis do Bairro",010318,PS,39.42,663
Aveiro,Anadia,"União das freguesias de Tamengos, Aguim e Óis do Bairro",010318,PPD/PSD,38.53,648
Aveiro,Anadia,"União das freguesias de Tamengos, Aguim e Óis do Bairro",010318,CH,6.12,103
Aveiro,Anadia,"União das freguesias de Tamengos, Aguim e Óis do Bairro",010318,IL,4.58,77
Aveiro,Anadia,"União das freguesias de Tamengos, Aguim e Óis do Bairro",010318,B.E.,3.21,54
Aveiro,Anadia,"União das freguesias de Tamengos, Aguim e Óis do Bairro",010318,CDS-PP,1.61,27
Aveiro,Anadia,"União das freguesias de Tamengos, Aguim e Óis do Bairro",010318,PCP-PEV,1.31,22
Aveiro,Anadia,"União das freguesias de Tamengos, Aguim e Óis do Bairro",010318,PAN,1.19,20
Aveiro,Anadia,"União das freguesias de Tamengos, Aguim e Óis do Bairro",010318,L,1.07,18
Aveiro,Anadia,"União das freguesias de Tamengos, Aguim e Óis do Bairro",010318,R.I.R.,0.30,5
Aveiro,Anadia,"União das freguesias de Tamengos, Aguim e Óis do Bairro",010318,JPP,0.12,2
Aveiro,Anadia,"União das freguesias de Tamengos, Aguim e Óis do Bairro",010318,MAS,0.12,2
Aveiro,Anadia,"União das freguesias de Tamengos, Aguim e Óis do Bairro",010318,PCTP/MRPP,0.12,2
Aveiro,Anadia,"União das freguesias de Tamengos, Aguim e Óis do Bairro",010318,ADN,0.06,1
Aveiro,Anadia,"União das freguesias de Tamengos, Aguim e Óis do Bairro",010318,MPT,0.06,1
Aveiro,Anadia,"União das freguesias de Tamengos, Aguim e Óis do Bairro",010318,E,0.00,0
Aveiro,Anadia,"União das freguesias de Tamengos, Aguim e Óis do Bairro",010318,VP,0.00,0
Aveiro,Arouca,Alvarenga,010402,PPD/PSD,52.47,297
Aveiro,Arouca,Alvarenga,010402,PS,33.04,187
Aveiro,Arouca,Alvarenga,010402,CDS-PP,4.06,23
Aveiro,Arouca,Alvarenga,010402,CH,3.71,21
Aveiro,Arouca,Alvarenga,010402,B.E.,1.77,10
Aveiro,Arouca,Alvarenga,010402,IL,0.71,4
Aveiro,Arouca,Alvarenga,010402,PCP-PEV,0.71,4
Aveiro,Arouca,Alvarenga,010402,PCTP/MRPP,0.53,3
Aveiro,Arouca,Alvarenga,010402,MAS,0.35,2
Aveiro,Arouca,Alvarenga,010402,R.I.R.,0.35,2
Aveiro,Arouca,Alvarenga,010402,E,0.18,1
Aveiro,Arouca,Alvarenga,010402,L,0.18,1
Aveiro,Arouca,Alvarenga,010402,PAN,0.18,1
Aveiro,Arouca,Alvarenga,010402,VP,0.18,1
Aveiro,Arouca,Alvarenga,010402,ADN,0.00,0
Aveiro,Arouca,Alvarenga,010402,JPP,0.00,0
Aveiro,Arouca,Alvarenga,010402,MPT,0.00,0
Aveiro,Arouca,Chave,010407,PPD/PSD,43.85,342
Aveiro,Arouca,Chave,010407,PS,33.97,265
Aveiro,Arouca,Chave,010407,CH,7.69,60
Aveiro,Arouca,Chave,010407,B.E.,4.23,33
Aveiro,Arouca,Chave,010407,CDS-PP,2.44,19
Aveiro,Arouca,Chave,010407,IL,1.79,14
Aveiro,Arouca,Chave,010407,R.I.R.,1.41,11
Aveiro,Arouca,Chave,010407,L,0.77,6
Aveiro,Arouca,Chave,010407,PAN,0.77,6
Aveiro,Arouca,Chave,010407,PCP-PEV,0.51,4
Aveiro,Arouca,Chave,010407,E,0.26,2
Aveiro,Arouca,Chave,010407,MPT,0.26,2
Aveiro,Arouca,Chave,010407,PCTP/MRPP,0.26,2
Aveiro,Arouca,Chave,010407,ADN,0.13,1
Aveiro,Arouca,Chave,010407,JPP,0.13,1
Aveiro,Arouca,Chave,010407,MAS,0.13,1
Aveiro,Arouca,Chave,010407,VP,0.00,0
Aveiro,Arouca,Escariz,010409,PPD/PSD,41.73,497
Aveiro,Arouca,Escariz,010409,PS,36.36,433
Aveiro,Arouca,Escariz,010409,CH,5.71,68
Aveiro,Arouca,Escariz,010409,CDS-PP,3.78,45
Aveiro,Arouca,Escariz,010409,IL,3.53,42
Aveiro,Arouca,Escariz,010409,B.E.,3.02,36
Aveiro,Arouca,Escariz,010409,R.I.R.,0.92,11
Aveiro,Arouca,Escariz,010409,PAN,0.67,8
Aveiro,Arouca,Escariz,010409,PCP-PEV,0.59,7
Aveiro,Arouca,Escariz,010409,L,0.42,5
Aveiro,Arouca,Escariz,010409,PCTP/MRPP,0.34,4
Aveiro,Arouca,Escariz,010409,MAS,0.17,2
Aveiro,Arouca,Escariz,010409,ADN,0.08,1
Aveiro,Arouca,Escariz,010409,E,0.00,0
Aveiro,Arouca,Escariz,010409,JPP,0.00,0
Aveiro,Arouca,Escariz,010409,MPT,0.00,0
Aveiro,Arouca,Escariz,010409,VP,0.00,0
Aveiro,Arouca,Fermedo,010411,PPD/PSD,46.70,333
Aveiro,Arouca,Fermedo,010411,PS,36.61,261
Aveiro,Arouca,Fermedo,010411,CH,3.79,27
Aveiro,Arouca,Fermedo,010411,B.E.,2.95,21
Aveiro,Arouca,Fermedo,010411,CDS-PP,2.81,20
Aveiro,Arouca,Fermedo,010411,IL,2.38,17
Aveiro,Arouca,Fermedo,010411,R.I.R.,0.98,7
Aveiro,Arouca,Fermedo,010411,PCP-PEV,0.84,6
Aveiro,Arouca,Fermedo,010411,PAN,0.56,4
Aveiro,Arouca,Fermedo,010411,PCTP/MRPP,0.28,2
Aveiro,Arouca,Fermedo,010411,L,0.14,1
Aveiro,Arouca,Fermedo,010411,MPT,0.14,1
Aveiro,Arouca,Fermedo,010411,VP,0.14,1
Aveiro,Arouca,Fermedo,010411,ADN,0.00,0
Aveiro,Arouca,Fermedo,010411,E,0.00,0
Aveiro,Arouca,Fermedo,010411,JPP,0.00,0
Aveiro,Arouca,Fermedo,010411,MAS,0.00,0
Aveiro,Arouca,Mansores,010413,PPD/PSD,50.63,321
Aveiro,Arouca,Mansores,010413,PS,30.91,196
Aveiro,Arouca,Mansores,010413,CH,5.21,33
Aveiro,Arouca,Mansores,010413,CDS-PP,3.79,24
Aveiro,Arouca,Mansores,010413,IL,3.31,21
Aveiro,Arouca,Mansores,010413,B.E.,2.21,14
Aveiro,Arouca,Mansores,010413,PAN,0.63,4
Aveiro,Arouca,Mansores,010413,R.I.R.,0.63,4
Aveiro,Arouca,Mansores,010413,L,0.47,3
Aveiro,Arouca,Mansores,010413,PCTP/MRPP,0.47,3
Aveiro,Arouca,Mansores,010413,ADN,0.16,1
Aveiro,Arouca,Mansores,010413,PCP-PEV,0.16,1
Aveiro,Arouca,Mansores,010413,E,0.00,0
Aveiro,Arouca,Mansores,010413,JPP,0.00,0
Aveiro,Arouca,Mansores,010413,MAS,0.00,0
Aveiro,Arouca,Mansores,010413,MPT,0.00,0
Aveiro,Arouca,Mansores,010413,VP,0.00,0
Aveiro,Arouca,Moldes,010414,PS,45.12,305
Aveiro,Arouca,Moldes,010414,PPD/PSD,40.09,271
Aveiro,Arouca,Moldes,010414,CDS-PP,2.22,15
Aveiro,Arouca,Moldes,010414,IL,2.22,15
Aveiro,Arouca,Moldes,010414,B.E.,2.07,14
Aveiro,Arouca,Moldes,010414,CH,1.92,13
Aveiro,Arouca,Moldes,010414,PCP-PEV,1.78,12
Aveiro,Arouca,Moldes,010414,R.I.R.,1.18,8
Aveiro,Arouca,Moldes,010414,L,0.59,4
Aveiro,Arouca,Moldes,010414,PCTP/MRPP,0.30,2
Aveiro,Arouca,Moldes,010414,PAN,0.15,1
Aveiro,Arouca,Moldes,010414,ADN,0.00,0
Aveiro,Arouca,Moldes,010414,E,0.00,0
Aveiro,Arouca,Moldes,010414,JPP,0.00,0
Aveiro,Arouca,Moldes,010414,MAS,0.00,0
Aveiro,Arouca,Moldes,010414,MPT,0.00,0
Aveiro,Arouca,Moldes,010414,VP,0.00,0
Aveiro,Arouca,Rossas,010415,PPD/PSD,45.95,374
Aveiro,Arouca,Rossas,010415,PS,33.54,273
Aveiro,Arouca,Rossas,010415,CH,5.41,44
Aveiro,Arouca,Rossas,010415,CDS-PP,2.95,24
Aveiro,Arouca,Rossas,010415,B.E.,2.46,20
Aveiro,Arouca,Rossas,010415,IL,2.33,19
Aveiro,Arouca,Rossas,010415,PCP-PEV,1.47,12
Aveiro,Arouca,Rossas,010415,R.I.R.,1.11,9
Aveiro,Arouca,Rossas,010415,PCTP/MRPP,0.61,5
Aveiro,Arouca,Rossas,010415,PAN,0.37,3
Aveiro,Arouca,Rossas,010415,L,0.25,2
Aveiro,Arouca,Rossas,010415,ADN,0.12,1
Aveiro,Arouca,Rossas,010415,E,0.12,1
Aveiro,Arouca,Rossas,010415,JPP,0.12,1
Aveiro,Arouca,Rossas,010415,MAS,0.12,1
Aveiro,Arouca,Rossas,010415,MPT,0.12,1
Aveiro,Arouca,Rossas,010415,VP,0.00,0
Aveiro,Arouca,Santa Eulália,010416,PPD/PSD,42.90,535
Aveiro,Arouca,Santa Eulália,010416,PS,38.57,481
Aveiro,Arouca,Santa Eulália,010416,CH,4.73,59
Aveiro,Arouca,Santa Eulália,010416,CDS-PP,3.05,38
Aveiro,Arouca,Santa Eulália,010416,IL,2.49,31
Aveiro,Arouca,Santa Eulália,010416,B.E.,1.76,22
Aveiro,Arouca,Santa Eulália,010416,PCP-PEV,1.44,18
Aveiro,Arouca,Santa Eulália,010416,PAN,0.56,7
Aveiro,Arouca,Santa Eulália,010416,PCTP/MRPP,0.40,5
Aveiro,Arouca,Santa Eulália,010416,L,0.24,3
Aveiro,Arouca,Santa Eulália,010416,R.I.R.,0.16,2
Aveiro,Arouca,Santa Eulália,010416,ADN,0.08,1
Aveiro,Arouca,Santa Eulália,010416,JPP,0.08,1
Aveiro,Arouca,Santa Eulália,010416,MAS,0.08,1
Aveiro,Arouca,Santa Eulália,010416,VP,0.08,1
Aveiro,Arouca,Santa Eulália,010416,E,0.00,0
Aveiro,Arouca,Santa Eulália,010416,MPT,0.00,0
Aveiro,Arouca,São Miguel do Mato,010417,PPD/PSD,46.76,159
Aveiro,Arouca,São Miguel do Mato,010417,PS,40.00,136
Aveiro,Arouca,São Miguel do Mato,010417,CDS-PP,2.65,9
Aveiro,Arouca,São Miguel do Mato,010417,CH,2.06,7
Aveiro,Arouca,São Miguel do Mato,010417,B.E.,1.76,6
Aveiro,Arouca,São Miguel do Mato,010417,PCP-PEV,1.47,5
Aveiro,Arouca,São Miguel do Mato,010417,IL,0.59,2
Aveiro,Arouca,São Miguel do Mato,010417,PCTP/MRPP,0.59,2
Aveiro,Arouca,São Miguel do Mato,010417,ADN,0.29,1
Aveiro,Arouca,São Miguel do Mato,010417,PAN,0.29,1
Aveiro,Arouca,São Miguel do Mato,010417,R.I.R.,0.29,1
Aveiro,Arouca,São Miguel do Mato,010417,VP,0.29,1
Aveiro,Arouca,São Miguel do Mato,010417,E,0.00,0
Aveiro,Arouca,São Miguel do Mato,010417,JPP,0.00,0
Aveiro,Arouca,São Miguel do Mato,010417,L,0.00,0
Aveiro,Arouca,São Miguel do Mato,010417,MAS,0.00,0
Aveiro,Arouca,São Miguel do Mato,010417,MPT,0.00,0
Aveiro,Arouca,Tropeço,010418,PPD/PSD,42.72,264
Aveiro,Arouca,Tropeço,010418,PS,35.44,219
Aveiro,Arouca,Tropeço,010418,CH,6.63,41
Aveiro,Arouca,Tropeço,010418,CDS-PP,3.24,20
Aveiro,Arouca,Tropeço,010418,IL,3.24,20
Aveiro,Arouca,Tropeço,010418,B.E.,2.10,13
Aveiro,Arouca,Tropeço,010418,PAN,0.81,5
Aveiro,Arouca,Tropeço,010418,R.I.R.,0.81,5
Aveiro,Arouca,Tropeço,010418,E,0.65,4
Aveiro,Arouca,Tropeço,010418,L,0.65,4
Aveiro,Arouca,Tropeço,010418,PCP-PEV,0.65,4
Aveiro,Arouca,Tropeço,010418,MAS,0.32,2
Aveiro,Arouca,Tropeço,010418,PCTP/MRPP,0.32,2
Aveiro,Arouca,Tropeço,010418,MPT,0.16,1
Aveiro,Arouca,Tropeço,010418,ADN,0.00,0
Aveiro,Arouca,Tropeço,010418,JPP,0.00,0
Aveiro,Arouca,Tropeço,010418,VP,0.00,0
Aveiro,Arouca,Urrô,010419,PPD/PSD,50.37,270
Aveiro,Arouca,Urrô,010419,PS,32.28,173
Aveiro,Arouca,Urrô,010419,CH,4.29,23
Aveiro,Arouca,Urrô,010419,CDS-PP,3.36,18
Aveiro,Arouca,Urrô,010419,IL,2.99,16
Aveiro,Arouca,Urrô,010419,B.E.,2.61,14
Aveiro,Arouca,Urrô,010419,PCTP/MRPP,0.93,5
Aveiro,Arouca,Urrô,010419,ADN,0.56,3
Aveiro,Arouca,Urrô,010419,PAN,0.37,2
Aveiro,Arouca,Urrô,010419,PCP-PEV,0.37,2
Aveiro,Arouca,Urrô,010419,L,0.19,1
Aveiro,Arouca,Urrô,010419,R.I.R.,0.19,1
Aveiro,Arouca,Urrô,010419,E,0.00,0
Aveiro,Arouca,Urrô,010419,JPP,0.00,0
Aveiro,Arouca,Urrô,010419,MAS,0.00,0
Aveiro,Arouca,Urrô,010419,MPT,0.00,0
Aveiro,Arouca,Urrô,010419,VP,0.00,0
Aveiro,Arouca,Várzea,010420,PPD/PSD,45.57,139
Aveiro,Arouca,Várzea,010420,PS,35.41,108
Aveiro,Arouca,Várzea,010420,CH,5.25,16
Aveiro,Arouca,Várzea,010420,IL,2.62,8
Aveiro,Arouca,Várzea,010420,CDS-PP,2.30,7
Aveiro,Arouca,Várzea,010420,B.E.,1.64,5
Aveiro,Arouca,Várzea,010420,PCP-PEV,1.64,5
Aveiro,Arouca,Várzea,010420,R.I.R.,1.31,4
Aveiro,Arouca,Várzea,010420,PCTP/MRPP,0.66,2
Aveiro,Arouca,Várzea,010420,L,0.33,1
Aveiro,Arouca,Várzea,010420,PAN,0.33,1
Aveiro,Arouca,Várzea,010420,ADN,0.00,0
Aveiro,Arouca,Várzea,010420,E,0.00,0
Aveiro,Arouca,Várzea,010420,JPP,0.00,0
Aveiro,Arouca,Várzea,010420,MAS,0.00,0
Aveiro,Arouca,Várzea,010420,MPT,0.00,0
Aveiro,Arouca,Várzea,010420,VP,0.00,0
Aveiro,Arouca,União das freguesias de Arouca e Burgo,010421,PPD/PSD,41.46,1177
Aveiro,Arouca,União das freguesias de Arouca e Burgo,010421,PS,38.18,1084
Aveiro,Arouca,União das freguesias de Arouca e Burgo,010421,CH,4.68,133
Aveiro,Arouca,União das freguesias de Arouca e Burgo,010421,B.E.,3.24,92
Aveiro,Arouca,União das freguesias de Arouca e Burgo,010421,IL,3.21,91
Aveiro,Arouca,União das freguesias de Arouca e Burgo,010421,CDS-PP,2.22,63
Aveiro,Arouca,União das freguesias de Arouca e Burgo,010421,PCP-PEV,1.44,41
Aveiro,Arouca,União das freguesias de Arouca e Burgo,010421,PAN,1.06,30
Aveiro,Arouca,União das freguesias de Arouca e Burgo,010421,L,0.74,21
Aveiro,Arouca,União das freguesias de Arouca e Burgo,010421,R.I.R.,0.67,19
Aveiro,Arouca,União das freguesias de Arouca e Burgo,010421,PCTP/MRPP,0.21,6
Aveiro,Arouca,União das freguesias de Arouca e Burgo,010421,ADN,0.14,4
Aveiro,Arouca,União das freguesias de Arouca e Burgo,010421,MAS,0.11,3
Aveiro,Arouca,União das freguesias de Arouca e Burgo,010421,MPT,0.11,3
Aveiro,Arouca,União das freguesias de Arouca e Burgo,010421,VP,0.07,2
Aveiro,Arouca,União das freguesias de Arouca e Burgo,010421,E,0.04,1
Aveiro,Arouca,União das freguesias de Arouca e Burgo,010421,JPP,0.00,0
Aveiro,Arouca,União das freguesias de Cabreiros e Albergaria da Serra,010422,PS,61.68,66
Aveiro,Arouca,União das freguesias de Cabreiros e Albergaria da Serra,010422,PPD/PSD,31.78,34
Aveiro,Arouca,União das freguesias de Cabreiros e Albergaria da Serra,010422,B.E.,0.93,1
Aveiro,Arouca,União das freguesias de Cabreiros e Albergaria da Serra,010422,CDS-PP,0.93,1
Aveiro,Arouca,União das freguesias de Cabreiros e Albergaria da Serra,010422,CH,0.93,1
Aveiro,Arouca,União das freguesias de Cabreiros e Albergaria da Serra,010422,R.I.R.,0.93,1
Aveiro,Arouca,União das freguesias de Cabreiros e Albergaria da Serra,010422,ADN,0.00,0
Aveiro,Arouca,União das freguesias de Cabreiros e Albergaria da Serra,010422,E,0.00,0
Aveiro,Arouca,União das freguesias de Cabreiros e Albergaria da Serra,010422,IL,0.00,0
Aveiro,Arouca,União das freguesias de Cabreiros e Albergaria da Serra,010422,JPP,0.00,0
Aveiro,Arouca,União das freguesias de Cabreiros e Albergaria da Serra,010422,L,0.00,0
Aveiro,Arouca,União das freguesias de Cabreiros e Albergaria da Serra,010422,MAS,0.00,0
Aveiro,Arouca,União das freguesias de Cabreiros e Albergaria da Serra,010422,MPT,0.00,0
Aveiro,Arouca,União das freguesias de Cabreiros e Albergaria da Serra,010422,PAN,0.00,0
Aveiro,Arouca,União das freguesias de Cabreiros e Albergaria da Serra,010422,PCP-PEV,0.00,0
Aveiro,Arouca,União das freguesias de Cabreiros e Albergaria da Serra,010422,PCTP/MRPP,0.00,0
Aveiro,Arouca,União das freguesias de Cabreiros e Albergaria da Serra,010422,VP,0.00,0
Aveiro,Arouca,União das freguesias de Canelas e Espiunca,010423,PPD/PSD,46.75,259
Aveiro,Arouca,União das freguesias de Canelas e Espiunca,010423,PS,30.32,168
Aveiro,Arouca,União das freguesias de Canelas e Espiunca,010423,CH,4.51,25
Aveiro,Arouca,União das freguesias de Canelas e Espiunca,010423,CDS-PP,4.15,23
Aveiro,Arouca,União das freguesias de Canelas e Espiunca,010423,B.E.,3.07,17
Aveiro,Arouca,União das freguesias de Canelas e Espiunca,010423,IL,2.71,15
Aveiro,Arouca,União das freguesias de Canelas e Espiunca,010423,R.I.R.,2.35,13
Aveiro,Arouca,União das freguesias de Canelas e Espiunca,010423,PAN,1.08,6
Aveiro,Arouca,União das freguesias de Canelas e Espiunca,010423,PCP-PEV,0.90,5
Aveiro,Arouca,União das freguesias de Canelas e Espiunca,010423,PCTP/MRPP,0.54,3
Aveiro,Arouca,União das freguesias de Canelas e Espiunca,010423,E,0.36,2
Aveiro,Arouca,União das freguesias de Canelas e Espiunca,010423,L,0.18,1
Aveiro,Arouca,União das freguesias de Canelas e Espiunca,010423,VP,0.18,1
Aveiro,Arouca,União das freguesias de Canelas e Espiunca,010423,ADN,0.00,0
Aveiro,Arouca,União das freguesias de Canelas e Espiunca,010423,JPP,0.00,0
Aveiro,Arouca,União das freguesias de Canelas e Espiunca,010423,MAS,0.00,0
Aveiro,Arouca,União das freguesias de Canelas e Espiunca,010423,MPT,0.00,0
Aveiro,Arouca,União das freguesias de Covelo de Paivó e Janarde,010424,PPD/PSD,47.52,48
Aveiro,Arouca,União das freguesias de Covelo de Paivó e Janarde,010424,PS,40.59,41
Aveiro,Arouca,União das freguesias de Covelo de Paivó e Janarde,010424,CDS-PP,2.97,3
Aveiro,Arouca,União das freguesias de Covelo de Paivó e Janarde,010424,B.E.,0.99,1
Aveiro,Arouca,União das freguesias de Covelo de Paivó e Janarde,010424,CH,0.99,1
Aveiro,Arouca,União das freguesias de Covelo de Paivó e Janarde,010424,IL,0.99,1
Aveiro,Arouca,União das freguesias de Covelo de Paivó e Janarde,010424,L,0.99,1
Aveiro,Arouca,União das freguesias de Covelo de Paivó e Janarde,010424,R.I.R.,0.99,1
Aveiro,Arouca,União das freguesias de Covelo de Paivó e Janarde,010424,VP,0.99,1
Aveiro,Arouca,União das freguesias de Covelo de Paivó e Janarde,010424,ADN,0.00,0
Aveiro,Arouca,União das freguesias de Covelo de Paivó e Janarde,010424,E,0.00,0
Aveiro,Arouca,União das freguesias de Covelo de Paivó e Janarde,010424,JPP,0.00,0
Aveiro,Arouca,União das freguesias de Covelo de Paivó e Janarde,010424,MAS,0.00,0
Aveiro,Arouca,União das freguesias de Covelo de Paivó e Janarde,010424,MPT,0.00,0
Aveiro,Arouca,União das freguesias de Covelo de Paivó e Janarde,010424,PAN,0.00,0
Aveiro,Arouca,União das freguesias de Covelo de Paivó e Janarde,010424,PCP-PEV,0.00,0
Aveiro,Arouca,União das freguesias de Covelo de Paivó e Janarde,010424,PCTP/MRPP,0.00,0
Aveiro,Aveiro,Aradas,010501,PPD/PSD,37.16,1783
Aveiro,Aveiro,Aradas,010501,PS,33.45,1605
Aveiro,Aveiro,Aradas,010501,IL,7.54,362
Aveiro,Aveiro,Aradas,010501,CH,5.92,284
Aveiro,Aveiro,Aradas,010501,B.E.,5.65,271
Aveiro,Aveiro,Aradas,010501,CDS-PP,2.33,112
Aveiro,Aveiro,Aradas,010501,PAN,1.73,83
Aveiro,Aveiro,Aradas,010501,PCP-PEV,1.65,79
Aveiro,Aveiro,Aradas,010501,L,1.35,65
Aveiro,Aveiro,Aradas,010501,PCTP/MRPP,0.35,17
Aveiro,Aveiro,Aradas,010501,R.I.R.,0.21,10
Aveiro,Aveiro,Aradas,010501,ADN,0.17,8
Aveiro,Aveiro,Aradas,010501,MPT,0.17,8
Aveiro,Aveiro,Aradas,010501,MAS,0.10,5
Aveiro,Aveiro,Aradas,010501,VP,0.08,4
Aveiro,Aveiro,Aradas,010501,JPP,0.06,3
Aveiro,Aveiro,Aradas,010501,E,0.02,1
Aveiro,Aveiro,Cacia,010502,PS,42.29,1437
Aveiro,Aveiro,Cacia,010502,PPD/PSD,28.40,965
Aveiro,Aveiro,Cacia,010502,CH,7.62,259
Aveiro,Aveiro,Cacia,010502,B.E.,6.86,233
Aveiro,Aveiro,Cacia,010502,IL,3.97,135
Aveiro,Aveiro,Cacia,010502,PCP-PEV,2.21,75
Aveiro,Aveiro,Cacia,010502,CDS-PP,1.71,58
Aveiro,Aveiro,Cacia,010502,PAN,1.71,58
Aveiro,Aveiro,Cacia,010502,L,1.12,38
Aveiro,Aveiro,Cacia,010502,PCTP/MRPP,0.41,14
Aveiro,Aveiro,Cacia,010502,R.I.R.,0.29,10
Aveiro,Aveiro,Cacia,010502,ADN,0.12,4
Aveiro,Aveiro,Cacia,010502,VP,0.12,4
Aveiro,Aveiro,Cacia,010502,MAS,0.09,3
Aveiro,Aveiro,Cacia,010502,E,0.06,2
Aveiro,Aveiro,Cacia,010502,MPT,0.06,2
Aveiro,Aveiro,Cacia,010502,JPP,0.03,1
Aveiro,Aveiro,Esgueira,010505,PS,39.44,2656
Aveiro,Aveiro,Esgueira,010505,PPD/PSD,28.62,1927
Aveiro,Aveiro,Esgueira,010505,CH,7.02,473
Aveiro,Aveiro,Esgueira,010505,B.E.,6.96,469
Aveiro,Aveiro,Esgueira,010505,IL,6.01,405
Aveiro,Aveiro,Esgueira,010505,PCP-PEV,2.45,165
Aveiro,Aveiro,Esgueira,010505,CDS-PP,2.05,138
Aveiro,Aveiro,Esgueira,010505,PAN,1.98,133
Aveiro,Aveiro,Esgueira,010505,L,1.53,103
Aveiro,Aveiro,Esgueira,010505,R.I.R.,0.45,30
Aveiro,Aveiro,Esgueira,010505,PCTP/MRPP,0.39,26
Aveiro,Aveiro,Esgueira,010505,ADN,0.33,22
Aveiro,Aveiro,Esgueira,010505,MPT,0.15,10
Aveiro,Aveiro,Esgueira,010505,E,0.13,9
Aveiro,Aveiro,Esgueira,010505,VP,0.10,7
Aveiro,Aveiro,Esgueira,010505,MAS,0.09,6
Aveiro,Aveiro,Esgueira,010505,JPP,0.07,5
Aveiro,Aveiro,Oliveirinha,010508,PPD/PSD,40.02,924
Aveiro,Aveiro,Oliveirinha,010508,PS,31.23,721
Aveiro,Aveiro,Oliveirinha,010508,CH,8.92,206
Aveiro,Aveiro,Oliveirinha,010508,IL,5.11,118
Aveiro,Aveiro,Oliveirinha,010508,B.E.,5.02,116
Aveiro,Aveiro,Oliveirinha,010508,CDS-PP,2.43,56
Aveiro,Aveiro,Oliveirinha,010508,PCP-PEV,1.08,25
Aveiro,Aveiro,Oliveirinha,010508,L,1.00,23
Aveiro,Aveiro,Oliveirinha,010508,PAN,0.87,20
Aveiro,Aveiro,Oliveirinha,010508,R.I.R.,0.43,10
Aveiro,Aveiro,Oliveirinha,010508,PCTP/MRPP,0.26,6
Aveiro,Aveiro,Oliveirinha,010508,JPP,0.17,4
Aveiro,Aveiro,Oliveirinha,010508,VP,0.13,3
Aveiro,Aveiro,Oliveirinha,010508,ADN,0.09,2
Aveiro,Aveiro,Oliveirinha,010508,MAS,0.09,2
Aveiro,Aveiro,Oliveirinha,010508,E,0.04,1
Aveiro,Aveiro,Oliveirinha,010508,MPT,0.04,1
Aveiro,Aveiro,São Bernardo,010510,PPD/PSD,36.57,1072
Aveiro,Aveiro,São Bernardo,010510,PS,32.82,962
Aveiro,Aveiro,São Bernardo,010510,IL,7.57,222
Aveiro,Aveiro,São Bernardo,010510,CH,6.99,205
Aveiro,Aveiro,São Bernardo,010510,B.E.,5.83,171
Aveiro,Aveiro,São Bernardo,010510,CDS-PP,2.90,85
Aveiro,Aveiro,São Bernardo,010510,PAN,1.74,51
Aveiro,Aveiro,São Bernardo,010510,PCP-PEV,1.30,38
Aveiro,Aveiro,São Bernardo,010510,L,1.09,32
Aveiro,Aveiro,São Bernardo,010510,R.I.R.,0.48,14
Aveiro,Aveiro,São Bernardo,010510,PCTP/MRPP,0.24,7
Aveiro,Aveiro,São Bernardo,010510,E,0.20,6
Aveir